time,value
2022-04-20 13:54:35,3.0
2022-04-20 14:54:07,-14.0
2022-04-20 16:55:03,2.0
2022-04-20 17:55:35,-6.0
2022-04-21 23:04:10,2.0
2022-04-21 23:10:10,2.0
2022-04-21 23:14:24,2.0
2022-04-21 23:21:11,2.0
2022-04-21 23:26:24,2.0
2022-04-21 23:31:25,2.0
2022-04-21 23:34:24,2.0
2022-04-21 23:39:25,-6.0
2022-04-21 23:43:26,2.0
2022-04-21 23:47:25,-6.0
2022-04-21 23:56:25,2.0
2022-04-22 00:00:28,-6.0
2022-04-22 00:04:31,2.0
2022-04-22 00:08:31,2.0
2022-04-22 00:14:31,2.0
2022-04-22 00:18:32,2.0
2022-04-22 00:20:48,2.0
2022-04-22 00:27:42,-4.0
2022-04-22 00:33:42,4.0
2022-04-22 00:38:49,-13.0
2022-04-22 00:45:42,3.0
2022-04-22 01:09:43,5.0
2022-04-22 01:14:45,3.0
2022-04-22 01:19:21,5.0
2022-04-22 01:25:22,1.0
2022-04-22 01:30:47,2.0
2022-04-22 01:36:23,1.0
2022-04-22 01:41:50,-5.0
2022-04-22 01:46:23,1.0
2022-04-22 01:51:25,1.0
2022-04-22 01:54:50,-7.0
2022-04-22 02:00:50,1.0
2022-04-22 02:04:24,-13.0
2022-04-22 02:06:50,3.0
2022-04-22 02:11:24,3.0
2022-04-22 02:17:51,3.0
2022-04-22 02:20:22,3.0
2022-04-22 02:25:22,3.0
2022-04-22 02:30:55,-5.0
2022-04-22 02:36:21,3.0
2022-04-22 02:38:56,3.0
2022-04-22 02:43:57,3.0
2022-04-22 02:52:23,3.0
2022-04-22 02:55:58,3.0
2022-04-22 02:59:59,-12.0
2022-04-22 03:03:57,-4.0
2022-04-22 03:08:59,3.0
2022-04-22 03:11:24,3.0
2022-04-22 03:14:59,-13.0
2022-04-22 03:19:59,4.0
2022-04-22 03:26:02,2.0
2022-04-22 03:31:03,2.0
2022-04-22 03:32:23,7.0
2022-04-22 03:34:03,-6.0
2022-04-22 03:39:24,2.0
2022-04-22 03:44:03,2.0
2022-04-22 03:49:24,2.0
2022-04-22 03:54:04,2.0
2022-04-22 03:59:25,2.0
2022-04-22 04:06:04,2.0
2022-04-22 04:12:04,2.0
2022-04-22 04:17:47,2.0
2022-04-22 04:22:06,2.0
2022-04-22 04:26:10,2.0
2022-04-22 04:31:12,2.0
2022-04-22 04:37:47,2.0
2022-04-22 04:42:47,-4.0
2022-04-22 04:48:46,4.0
2022-04-22 04:53:13,4.0
2022-04-22 04:58:14,-12.0
2022-04-22 05:04:14,4.0
2022-04-22 05:10:14,4.0
2022-04-22 05:13:14,-12.0
2022-04-22 05:18:13,-6.0
2022-04-22 05:21:15,2.0
2022-04-22 05:26:18,2.0
2022-04-22 05:30:50,2.0
2022-04-22 05:35:49,2.0
2022-04-22 05:40:19,2.0
2022-04-22 05:44:19,2.0
2022-04-22 05:55:49,2.0
2022-04-22 06:01:19,2.0
2022-04-22 06:04:20,2.0
2022-04-22 06:11:19,2.0
2022-04-22 06:16:20,6.0
2022-04-22 06:18:36,6.0
2022-04-22 06:20:21,-11.0
2022-04-22 06:24:36,6.0
2022-04-22 08:25:28,-11.0
2022-04-22 08:30:30,6.0
2022-04-22 08:36:27,6.0
2022-04-22 08:41:28,-11.0
2022-04-22 08:42:42,6.0
2022-04-22 08:47:29,-3.0
2022-04-22 08:53:29,6.0
2022-04-22 08:55:43,6.0
2022-04-22 09:01:33,6.0
2022-04-22 09:08:42,-10.0
2022-04-22 09:11:42,-2.0
2022-04-22 09:16:44,-11.0
2022-04-22 09:20:50,5.0
2022-04-22 09:26:49,-3.0
2022-04-22 09:32:50,6.0
2022-04-22 09:37:50,-11.0
2022-04-22 09:43:50,5.0
2022-04-22 09:48:51,6.0
2022-04-25 03:38:56,-6.0
2022-04-25 03:43:56,2.0
2022-04-25 03:49:57,2.0
2022-04-25 03:52:57,7.0
2022-04-25 03:57:17,-1.0
2022-04-25 04:03:56,8.0
2022-04-25 04:17:24,8.0
2022-04-25 04:23:03,8.0
2022-04-25 04:26:04,9.0
2022-04-25 04:29:25,-8.0
2022-04-25 04:35:03,-8.0
2022-04-25 04:43:03,8.0
2022-04-25 04:47:04,-8.0
2022-04-25 04:50:05,-8.0
2022-04-25 04:55:04,8.0
2022-04-25 05:01:05,8.0
2022-04-25 05:06:27,-8.0
2022-04-25 05:12:29,8.0
2022-04-25 05:16:29,9.0
2022-04-25 05:22:10,1.0
2022-04-25 05:25:29,3.0
2022-04-25 05:31:11,4.0
2022-04-25 05:37:11,4.0
2022-04-25 05:42:11,4.0
2022-04-25 05:48:30,-13.0
2022-04-25 05:52:12,4.0
2022-04-25 05:57:31,-13.0
2022-04-25 06:01:12,-13.0
2022-04-25 06:07:20,3.0
2022-04-25 06:13:21,3.0
2022-04-25 06:19:21,-13.0
2022-04-25 21:13:15,3.0
2022-04-25 21:19:15,3.0
2022-04-25 21:25:15,3.0
2022-04-25 21:30:16,-14.0
2022-04-25 21:36:16,-6.0
2022-04-26 04:23:22,2.0
2022-04-26 04:24:37,-14.0
2022-04-26 04:26:22,2.0
2022-04-26 04:29:38,-6.0
2022-04-26 04:34:22,3.0
2022-04-26 04:38:39,3.0
2022-04-26 04:45:25,-5.0
2022-04-26 04:49:39,3.0
2022-04-26 04:55:39,1.0
2022-04-26 04:58:23,1.0
2022-04-26 05:01:28,2.0
2022-04-26 21:17:13,2.0
2022-04-26 21:37:14,3.0
2022-04-26 22:03:44,3.0
2022-04-26 22:14:15,3.0
2022-04-26 22:24:46,3.0
2022-04-26 22:39:17,3.0
2022-04-26 22:51:18,4.0
2022-04-28 03:52:47,-9.0
2022-04-28 03:57:19,3.0
2022-04-28 04:01:48,3.0
2022-04-28 04:03:20,3.0
2022-04-28 04:09:20,3.0
2022-04-28 04:14:21,-12.0
2022-04-28 04:17:21,-5.0
2022-04-28 04:19:21,2.0
2022-04-28 04:23:49,1.0
2022-04-28 04:29:51,2.0
2022-04-28 04:33:51,-14.0
2022-04-28 04:39:52,2.0
2022-04-28 04:45:52,2.0
2022-04-28 04:50:55,2.0
2022-04-28 04:55:55,4.0
2022-04-28 05:00:56,4.0
2022-04-28 05:08:57,-13.0
2022-04-28 05:16:16,-13.0
2022-04-28 05:52:02,3.0
2022-04-28 05:57:03,3.0
2022-04-28 06:02:23,3.0
2022-04-28 06:09:03,3.0
2022-04-28 06:16:26,-5.0
2022-04-28 06:23:26,3.0
2022-04-28 06:24:32,3.0
2022-04-28 06:27:04,4.0
2022-04-28 06:32:03,4.0
2022-04-28 06:34:05,-4.0
2022-04-28 06:38:06,4.0
2022-04-28 06:46:06,4.0
2022-04-28 06:49:05,-5.0
2022-04-28 06:55:09,7.0
2022-04-28 06:58:09,6.0
2022-04-28 07:03:29,3.0
2022-04-28 07:09:09,-5.0
2022-04-28 07:14:13,-3.0
2022-04-28 07:18:10,4.0
2022-04-28 07:29:09,2.0
2022-04-28 07:37:11,1.0
2022-04-28 07:43:16,1.0
2022-04-28 07:46:12,3.0
2022-04-28 07:52:14,-14.0
2022-04-28 08:12:16,-14.0
2022-04-28 08:17:15,2.0
2022-04-28 08:22:15,2.0
2022-04-28 08:28:16,-6.0
2022-04-28 08:31:39,-6.0
2022-04-28 08:34:38,2.0
2022-04-28 08:39:16,2.0
2022-04-29 14:54:14,2.0
2022-04-29 15:00:15,2.0
2022-04-29 15:05:16,2.0
2022-04-29 15:08:14,6.0
2022-04-29 15:12:10,-10.0
2022-04-29 16:40:13,6.0
2022-04-29 18:28:15,6.0
2022-04-29 18:33:15,-2.0
2022-05-02 03:47:12,6.0
2022-05-02 13:37:12,-10.0
2022-05-02 13:42:13,-2.0
2022-05-02 13:46:30,6.0
2022-05-02 13:52:13,6.0
2022-05-02 13:57:12,-10.0
2022-05-02 14:00:40,-11.0
2022-05-02 14:07:42,6.0
2022-05-02 14:16:41,6.0
2022-05-02 14:21:42,-10.0
2022-05-02 14:27:42,6.0
2022-05-02 14:34:41,-13.0
2022-05-02 14:39:12,2.0
2022-05-02 14:47:43,1.0
2022-05-02 14:54:14,8.0
2022-05-02 23:21:14,-8.0
2022-05-02 23:24:26,8.0
2022-05-02 23:30:15,8.0
2022-05-02 23:35:14,-8.0
2022-05-02 23:40:16,-8.0
2022-05-02 23:44:15,8.0
2022-05-04 04:56:50,9.0
2022-05-04 05:00:23,-8.0
2022-05-04 05:05:50,9.0
2022-05-04 05:10:57,-4.0
2022-05-04 05:11:57,4.0
2022-05-04 05:17:21,-4.0
2022-05-04 05:19:58,4.0
2022-05-04 05:21:58,4.0
2022-05-04 05:26:20,-12.0
2022-05-04 05:30:57,4.0
2022-05-04 05:36:59,4.0
2022-05-04 21:57:14,4.0
2022-05-04 22:02:44,-12.0
2022-05-04 22:05:46,4.0
2022-05-04 22:11:46,-4.0
2022-05-04 22:17:51,4.0
2022-05-04 22:23:50,-4.0
2022-05-04 22:32:52,-4.0
2022-05-04 22:36:52,4.0
2022-05-04 22:44:16,3.0
2022-05-04 22:49:52,3.0
2022-05-04 22:55:53,3.0
2022-05-04 23:00:54,-5.0
2022-05-07 03:53:19,3.0
2022-05-07 04:32:22,3.0
2022-05-07 04:39:21,3.0
2022-05-07 04:45:24,-5.0
2022-05-07 04:51:23,3.0
2022-05-07 05:00:24,3.0
2022-05-07 05:07:24,3.0
2022-05-07 05:14:17,3.0
2022-05-07 05:19:34,3.0
2022-05-07 05:26:19,4.0
2022-05-07 05:32:19,-13.0
2022-05-09 04:28:20,3.0
2022-05-09 04:34:08,3.0
2022-05-09 04:39:09,3.0
2022-05-09 04:43:07,4.0
2022-05-09 04:49:08,-13.0
2022-05-09 04:56:08,-5.0
2022-05-09 05:00:08,3.0
2022-05-09 05:04:09,3.0
2022-05-09 05:12:10,3.0
2022-05-09 05:17:09,3.0
2022-05-09 05:23:11,-13.0
2022-05-09 05:28:11,-11.0
2022-05-10 02:52:17,-3.0
2022-05-10 03:51:34,5.0
2022-05-10 04:51:42,1.0
2022-05-10 05:51:49,1.0
2022-05-11 03:48:13,-15.0
2022-05-11 03:52:14,1.0
2022-05-11 03:58:14,1.0
2022-05-11 04:08:14,1.0
2022-05-11 04:14:19,1.0
2022-05-11 04:19:19,1.0
2022-05-11 04:24:19,1.0
2022-05-11 04:28:19,1.0
2022-05-11 04:34:19,-15.0
2022-05-11 04:40:20,1.0
2022-05-11 04:46:19,2.0
2022-05-11 04:49:22,2.0
2022-05-11 04:54:20,2.0
2022-05-11 05:03:21,2.0
2022-05-11 05:09:22,2.0
2022-05-11 05:15:21,2.0
2022-05-11 05:21:20,2.0
2022-05-11 05:24:20,-6.0
2022-05-11 05:30:22,2.0
2022-05-12 03:06:52,2.0
2022-05-12 03:12:55,2.0
2022-05-12 03:18:53,4.0
2022-05-12 03:23:55,-5.0
2022-05-12 03:36:19,4.0
2022-05-12 03:42:20,4.0
2022-05-12 03:45:20,4.0
2022-05-12 03:46:20,4.0
2022-05-12 03:52:55,-8.0
2022-05-12 03:59:20,9.0
2022-05-12 04:06:21,9.0
2022-05-12 04:10:21,6.0
2022-05-12 04:17:00,6.0
2022-05-12 04:24:20,4.0
2022-05-12 04:31:01,4.0
2022-05-12 04:37:01,2.0
2022-05-12 04:43:02,2.0
2022-05-13 04:03:21,-13.0
2022-05-13 04:06:21,2.0
2022-05-13 04:08:20,1.0
2022-05-13 04:17:36,1.0
2022-05-13 04:22:36,-15.0
2022-05-13 04:42:07,2.0
2022-05-13 04:47:37,2.0
2022-05-13 04:57:38,5.0
2022-05-13 05:02:38,-12.0
2022-05-13 05:07:09,-12.0
2022-05-13 05:13:12,-4.0
2022-05-17 03:46:40,3.0
2022-05-17 03:52:19,3.0
2022-05-17 03:58:19,3.0
2022-05-17 04:03:42,3.0
2022-05-17 04:09:43,3.0
2022-05-17 04:15:43,3.0
2022-05-17 04:21:44,-5.0
2022-05-17 04:27:49,-14.0
2022-05-17 04:34:21,2.0
2022-05-17 04:39:50,-6.0
2022-05-17 04:45:49,2.0
2022-05-17 04:50:23,2.0
2022-05-17 04:54:51,2.0
2022-05-17 05:02:50,2.0
2022-05-17 05:08:24,1.0
2022-05-17 05:14:51,1.0
2022-05-17 05:20:53,1.0
2022-05-17 05:26:24,1.0
2022-05-17 05:32:25,2.0
2022-05-18 06:14:27,2.0
2022-05-18 18:13:18,-7.0
2022-05-18 18:18:19,-7.0
2022-05-18 18:22:43,5.0
2022-05-18 18:28:44,5.0
2022-05-18 18:33:19,-3.0
2022-05-18 18:37:18,5.0
2022-05-18 18:42:43,5.0
2022-05-18 18:48:20,-11.0
2022-05-18 18:54:20,5.0
2022-05-18 18:59:19,-3.0
2022-05-26 03:25:22,5.0
2022-05-26 03:29:02,-11.0
2022-05-26 03:34:02,1.0
2022-05-26 03:39:08,1.0
2022-05-26 03:41:23,1.0
2022-05-26 03:48:09,1.0
2022-05-26 03:54:09,1.0
2022-05-26 04:00:09,2.0
2022-05-26 04:05:09,2.0
2022-05-26 04:08:24,2.0
2022-05-26 04:13:23,2.0
2022-05-26 04:19:10,2.0
2022-05-26 04:25:11,3.0
2022-05-26 04:29:25,-13.0
2022-05-26 04:36:16,3.0
2022-05-26 04:42:17,3.0
2022-05-26 04:47:26,3.0
2022-05-26 04:52:18,3.0
2022-05-26 04:55:18,3.0
2022-05-26 05:01:29,3.0
2022-05-26 05:06:18,3.0
2022-05-26 05:11:39,3.0
2022-06-01 03:03:22,-13.0
2022-06-01 03:07:02,1.0
2022-06-01 03:15:22,1.0
2022-06-01 03:22:07,-5.0
2022-06-01 03:27:07,-6.0
2022-06-01 03:33:08,3.0
2022-06-01 03:39:08,3.0
2022-06-01 03:45:08,3.0
2022-06-01 03:49:22,3.0
2022-06-01 03:55:09,-14.0
2022-06-01 03:59:09,2.0
2022-06-01 04:04:09,2.0
2022-06-01 04:10:10,3.0
2022-06-01 04:14:12,3.0
2022-06-01 04:20:12,-6.0
2022-06-01 04:25:13,3.0
2022-06-01 04:30:24,3.0
2022-06-01 04:34:13,3.0
2022-06-01 04:39:12,3.0
2022-06-07 01:24:57,-14.0
2022-06-07 02:25:04,2.0
2022-06-07 03:55:16,2.0
2022-06-07 03:59:17,3.0
2022-06-07 04:01:17,3.0
2022-06-07 04:07:17,3.0
2022-06-07 04:13:17,3.0
2022-06-07 04:17:17,-11.0
2022-06-07 04:23:18,5.0
2022-06-07 04:29:18,5.0
2022-06-07 04:33:19,5.0
2022-06-07 04:38:23,-11.0
2022-06-07 04:41:22,5.0
2022-06-07 04:45:23,-11.0
2022-06-07 04:47:23,5.0
2022-06-07 04:53:23,5.0
2022-06-07 04:59:24,-3.0
2022-06-07 05:05:23,5.0
2022-06-08 04:01:26,5.0
2022-06-08 04:05:25,-3.0
2022-06-08 04:11:24,5.0
2022-06-08 04:20:27,6.0
2022-06-08 04:26:28,2.0
2022-06-08 04:32:29,2.0
2022-06-08 04:38:28,2.0
2022-06-08 04:44:28,-14.0
2022-06-08 04:49:28,2.0
2022-06-08 04:55:41,1.0
2022-06-08 05:00:30,1.0
2022-06-08 05:06:29,4.0
2022-06-08 05:12:21,-4.0
2022-06-10 03:25:14,4.0
2022-06-10 03:30:14,5.0
2022-06-10 03:36:13,-4.0
2022-06-10 03:42:14,-12.0
2022-06-10 03:47:14,4.0
2022-06-10 03:52:16,-4.0
2022-06-10 04:00:20,4.0
2022-06-10 04:06:18,4.0
2022-06-10 04:10:20,-12.0
2022-06-10 04:14:20,-13.0
2022-06-10 04:18:20,2.0
2022-06-10 04:22:20,3.0
2022-06-10 04:25:21,3.0
2022-06-13 04:58:24,3.0
2022-06-13 05:04:24,-14.0
2022-06-13 05:11:25,2.0
2022-06-13 05:16:19,2.0
2022-06-26 08:06:18,-6.0
2022-06-26 08:11:18,2.0
2022-06-28 00:15:34,2.0
2022-06-28 00:22:34,-5.0
2022-06-28 00:28:34,3.0
2022-06-28 00:33:35,3.0
2022-06-28 00:39:44,3.0
2022-06-28 00:42:36,3.0
2022-06-28 00:48:35,8.0
2022-06-28 00:54:36,8.0
2022-06-28 01:00:37,-8.0
2022-06-28 01:04:36,8.0
2022-06-28 01:10:37,9.0
2022-06-28 01:15:48,-8.0
2022-06-28 01:21:22,-8.0
2022-06-28 11:52:21,-3.0
2022-06-28 11:58:02,4.0
2022-06-28 12:03:06,5.0
2022-06-28 12:09:06,2.0
2022-06-28 12:13:20,1.0
2022-06-28 12:19:21,-4.0
2022-06-28 12:24:07,2.0
2022-06-28 12:30:07,1.0
2022-06-28 12:36:07,1.0
2022-06-28 12:43:08,-15.0
2022-06-28 12:49:09,-14.0
2022-06-28 12:54:08,3.0
2022-06-28 12:56:08,7.0
2022-06-28 13:04:12,-9.0
2022-06-28 13:08:12,-3.0
2022-06-28 13:14:12,5.0
2022-06-28 13:18:13,-3.0
2022-06-29 22:01:15,6.0
2022-06-29 22:06:14,6.0
2022-06-29 22:12:15,6.0
2022-06-29 22:16:16,6.0
2022-06-29 22:21:16,-10.0
2022-06-29 22:27:16,-11.0
2022-06-29 22:34:16,5.0
2022-06-29 22:39:17,-11.0
2022-06-29 22:45:17,2.0
2022-06-29 22:49:17,2.0
2022-06-29 22:55:20,-9.0
2022-06-29 22:55:20,-1.0
2022-06-29 23:10:21,-1.0
2022-06-29 23:16:22,7.0
2022-06-29 23:21:22,-10.0
2022-06-29 23:26:22,-10.0
2022-06-29 23:31:23,-10.0
2022-06-29 23:36:23,-11.0
2022-06-29 23:41:24,5.0
2022-06-29 23:41:24,-11.0
2022-06-29 23:47:24,4.0
2022-06-29 23:54:25,4.0
2022-06-29 23:59:26,4.0
2022-07-03 09:55:00,-6.0
2022-07-03 09:59:25,2.0
2022-07-04 10:05:21,2.0
2022-07-04 10:11:20,-6.0
2022-07-05 15:06:14,2.0
2022-07-05 15:18:17,2.0
2022-07-05 15:38:15,2.0
2022-07-05 15:57:19,2.0
2022-07-05 16:07:18,2.0
2022-07-05 16:18:18,2.0
2022-07-05 16:26:19,2.0
2022-07-05 16:44:21,2.0
2022-07-05 16:54:21,2.0
2022-07-05 17:04:21,2.0
2022-07-10 12:28:38,6.0
2022-07-10 12:34:37,-11.0
2022-07-10 12:41:19,-11.0
2022-07-10 12:47:19,5.0
2022-07-10 12:59:19,-11.0
2022-07-10 13:04:20,5.0
2022-07-10 13:16:44,5.0
2022-07-12 12:40:12,5.0
2022-07-12 12:45:16,-3.0
2022-07-12 12:51:15,5.0
2022-07-12 12:57:16,-11.0
2022-07-12 12:58:16,5.0
2022-07-13 01:29:18,-11.0
2022-07-13 01:34:47,1.0
2022-07-13 01:41:19,1.0
2022-07-13 01:47:51,3.0
2022-07-13 01:51:50,3.0
2022-07-13 01:56:51,-5.0
2022-07-13 02:02:20,3.0
2022-07-13 02:11:21,4.0
2022-07-13 02:16:52,4.0
2022-07-13 02:22:53,4.0
2022-07-13 02:54:57,4.0
2022-07-13 02:59:22,4.0
2022-07-13 03:03:57,4.0
2022-07-13 03:07:58,4.0
2022-07-13 03:14:57,5.0
2022-07-13 03:20:58,-12.0
2022-07-13 03:27:21,4.0
2022-07-13 03:31:23,4.0
2022-07-13 03:35:22,5.0
2022-07-13 03:39:58,5.0
2022-07-13 03:46:03,2.0
2022-07-13 03:52:22,2.0
2022-07-14 03:00:42,2.0
2022-07-14 03:06:43,2.0
2022-07-14 03:17:23,2.0
2022-07-14 03:22:45,2.0
2022-07-14 03:28:24,2.0
2022-07-14 03:32:44,2.0
2022-07-14 03:38:25,2.0
2022-07-14 03:44:25,2.0
2022-07-14 03:49:49,2.0
2022-07-14 03:54:50,2.0
2022-07-14 04:01:31,2.0
2022-07-14 04:06:49,5.0
2022-07-14 04:13:26,5.0
2022-07-14 04:19:52,6.0
2022-07-14 04:26:27,6.0
2022-07-14 04:37:27,-11.0
2022-07-14 04:42:28,6.0
2022-07-14 04:48:56,6.0
2022-07-14 04:55:29,6.0
2022-07-14 05:00:56,-10.0
2022-07-14 05:07:29,6.0
2022-07-14 05:12:56,6.0
2022-07-15 01:56:23,-10.0
2022-07-15 02:04:23,6.0
2022-07-15 02:09:35,-10.0
2022-07-15 02:15:35,-2.0
2022-07-15 02:19:20,-22.0
2022-07-15 02:24:37,-10.0
2022-07-15 02:28:36,2.0
2022-07-15 02:33:39,4.0
2022-07-15 02:39:21,4.0
2022-07-15 02:45:22,-4.0
2022-07-15 02:55:22,4.0
2022-07-15 02:59:22,5.0
2022-07-15 03:05:24,5.0
2022-07-15 03:09:23,5.0
2022-07-15 03:13:24,5.0
2022-07-15 03:19:25,5.0
2022-07-15 03:24:25,-3.0
2022-07-15 03:28:24,5.0
2022-07-15 03:33:47,6.0
2022-07-15 03:37:46,-11.0
2022-07-15 03:58:26,-12.0
2022-07-15 04:02:30,4.0
2022-07-15 04:08:39,4.0
2022-07-17 03:56:11,-4.0
2022-07-17 04:01:11,4.0
2022-07-17 05:59:24,-12.0
2022-07-17 06:06:24,6.0
2022-07-17 06:13:17,6.0
2022-07-17 06:20:18,-11.0
2022-07-17 06:23:18,6.0
2022-07-17 06:29:18,6.0
2022-07-17 06:34:17,-11.0
2022-07-17 06:37:19,-11.0
2022-07-17 06:43:26,5.0
2022-07-17 06:49:19,5.0
2022-07-17 06:55:20,-11.0
2022-07-18 04:54:16,5.0
2022-07-18 04:58:16,5.0
2022-07-18 05:02:16,6.0
2022-07-18 05:07:16,6.0
2022-07-18 05:11:16,-2.0
2022-07-18 05:17:17,6.0
2022-07-18 05:19:17,-2.0
2022-07-18 05:25:17,-2.0
2022-07-18 05:29:18,6.0
2022-07-18 05:30:17,-10.0
2022-07-18 05:40:18,-11.0
2022-07-18 05:46:19,5.0
2022-07-18 05:52:18,2.0
2022-07-18 05:56:22,2.0
2022-07-18 06:03:23,2.0
2022-07-18 06:08:23,2.0
2022-07-18 06:14:20,2.0
2022-07-18 06:20:20,2.0
2022-07-18 06:26:21,2.0
2022-07-18 06:32:23,2.0
2022-07-19 02:51:05,2.0
2022-07-19 02:57:09,2.0
2022-07-19 03:01:08,-14.0
2022-07-19 03:08:24,3.0
2022-07-19 03:12:09,3.0
2022-07-19 03:16:10,3.0
2022-07-19 03:24:11,3.0
2022-07-19 03:30:10,3.0
2022-07-19 03:45:12,3.0
2022-07-19 03:49:12,3.0
2022-07-19 03:52:12,-13.0
2022-07-19 03:58:15,3.0
2022-07-19 04:00:26,3.0
2022-07-19 04:04:15,-13.0
2022-07-19 04:08:16,3.0
2022-07-19 04:14:16,3.0
2022-07-19 04:16:16,3.0
2022-07-19 04:22:17,3.0
2022-07-19 04:25:43,3.0
2022-07-19 04:30:17,3.0
2022-07-19 04:35:44,3.0
2022-07-19 04:36:43,3.0
2022-07-19 19:31:52,2.0
2022-07-19 19:36:19,2.0
2022-07-19 19:41:19,2.0
2022-07-19 19:47:18,2.0
2022-07-19 20:19:19,-2.0
2022-07-19 20:25:20,-11.0
2022-07-19 21:26:06,-14.0
2022-07-19 21:52:08,2.0
2022-07-19 22:01:22,2.0
2022-07-19 22:13:13,2.0
2022-07-19 22:23:13,2.0
2022-07-19 22:39:14,6.0
2022-07-19 22:47:13,-10.0
2022-07-19 22:56:18,6.0
2022-07-19 23:07:18,6.0
2022-07-19 23:27:19,-2.0
2022-07-19 23:27:19,6.0
2022-07-19 23:34:20,-2.0
2022-07-19 23:34:20,7.0
2022-07-19 23:45:19,7.0
2022-07-20 04:38:28,-9.0
2022-07-20 04:44:28,-10.0
2022-07-20 04:49:57,-10.0
2022-07-20 04:55:59,4.0
2022-07-20 05:01:00,2.0
2022-07-20 05:07:01,-14.0
2022-07-20 05:55:16,2.0
2022-07-20 06:00:16,2.0
2022-07-20 06:02:16,4.0
2022-07-20 06:05:16,-4.0
2022-07-20 06:07:17,4.0
2022-07-20 06:12:32,5.0
2022-07-20 06:15:17,-12.0
2022-07-20 06:20:32,4.0
2022-07-20 06:26:17,4.0
2022-07-20 06:32:18,5.0
2022-07-20 06:38:18,-12.0
2022-07-21 04:17:29,4.0
2022-07-21 04:23:57,4.0
2022-07-21 04:26:58,5.0
2022-07-21 04:31:58,5.0
2022-07-21 04:38:31,5.0
2022-07-21 04:41:58,-11.0
2022-07-21 04:47:59,-3.0
2022-07-21 04:51:31,-12.0
2022-07-21 04:58:30,-4.0
2022-07-21 05:04:03,4.0
2022-07-21 05:09:41,12.0
2022-07-21 05:15:04,-1.0
2022-07-21 05:55:06,39.0
2022-07-21 05:59:27,3.0
2022-07-21 06:03:27,5.0
2022-07-21 06:23:11,-12.0
2022-07-21 06:29:26,4.0
2022-07-21 06:36:11,4.0
2022-07-21 06:41:12,5.0
2022-07-21 06:47:28,-3.0
2022-07-21 06:53:12,5.0
2022-07-21 10:29:26,-3.0
2022-07-21 10:30:27,-4.0
2022-07-21 10:33:26,5.0
2022-07-21 10:36:26,5.0
2022-07-21 10:41:26,5.0
2022-07-21 10:46:26,7.0
2022-07-21 10:47:26,-10.0
2022-07-21 10:49:58,-10.0
2022-07-21 10:52:59,6.0
2022-07-21 10:54:27,6.0
2022-07-21 10:57:27,-10.0
2022-07-21 10:59:27,6.0
2022-07-21 11:05:29,6.0
2022-07-21 11:08:39,7.0
2022-07-21 11:10:07,7.0
2022-07-21 11:14:05,2.0
2022-07-21 11:17:07,-9.0
2022-07-21 11:20:07,-1.0
2022-07-21 11:23:07,8.0
2022-07-21 11:26:07,-9.0
2022-07-24 04:16:18,5.0
2022-07-24 04:21:18,-3.0
2022-07-24 04:25:18,6.0
2022-07-24 04:30:24,-11.0
2022-07-24 04:36:19,5.0
2022-07-24 04:40:19,-3.0
2022-07-24 04:46:19,5.0
2022-07-24 04:52:19,-3.0
2022-07-24 04:58:20,5.0
2022-07-24 05:03:23,6.0
2022-07-24 05:09:21,-2.0
2022-07-24 05:13:18,-2.0
2022-07-24 05:19:20,-3.0
2022-07-24 05:25:20,6.0
2022-07-24 05:30:23,6.0
2022-07-24 05:35:21,6.0
2022-07-25 04:53:52,6.0
2022-07-25 05:01:51,-2.0
2022-07-25 05:07:54,4.0
2022-07-25 05:13:53,9.0
2022-07-25 05:18:57,-7.0
2022-07-25 05:25:22,-7.0
2022-07-25 05:30:55,9.0
2022-07-25 05:36:24,-7.0
2022-07-25 05:42:23,-8.0
2022-07-25 05:47:59,5.0
2022-07-26 21:19:23,-11.0
2022-07-26 21:29:24,-3.0
2022-07-26 21:39:25,-3.0
2022-07-28 22:51:53,-3.0
2022-07-28 22:55:54,5.0
2022-07-28 23:01:23,5.0
2022-07-28 23:07:22,-3.0
2022-07-28 23:11:00,5.0
2022-07-28 23:16:19,5.0
2022-07-28 23:22:19,-3.0
2022-07-28 23:29:01,5.0
2022-07-28 23:35:02,5.0
2022-07-28 23:40:20,6.0
2022-07-28 23:45:02,-10.0
2022-07-28 23:47:02,6.0
2022-07-28 23:53:22,-11.0
2022-07-28 23:58:22,-2.0
2022-07-29 00:04:05,-3.0
2022-07-29 00:10:08,5.0
2022-08-01 06:02:48,6.0
2022-08-01 06:08:48,6.0
2022-08-01 06:13:20,-2.0
2022-08-01 06:19:50,4.0
2022-08-01 06:25:21,-13.0
2022-08-01 06:32:21,4.0
2022-08-01 06:38:53,-5.0
2022-08-02 05:11:59,4.0
2022-08-02 05:16:39,4.0
2022-08-02 05:23:39,4.0
2022-08-02 05:26:39,4.0
2022-08-02 05:30:40,-8.0
2022-08-02 21:06:21,-8.0
2022-08-02 21:18:20,-9.0
2022-08-02 21:29:22,-12.0
2022-08-02 21:37:23,4.0
2022-08-02 21:52:23,-4.0
2022-08-02 22:21:19,4.0
2022-08-02 22:29:21,5.0
2022-08-02 22:46:22,5.0
2022-08-02 22:58:22,5.0
2022-08-02 23:07:22,2.0
2022-08-08 06:27:23,2.0
2022-08-08 06:28:24,3.0
2022-08-08 06:30:44,3.0
2022-08-08 06:31:27,3.0
2022-08-08 06:35:46,3.0
2022-08-08 06:39:47,3.0
2022-08-08 06:45:51,3.0
2022-08-08 06:51:26,3.0
2022-08-08 06:55:25,6.0
2022-08-08 07:00:27,-11.0
2022-08-08 07:04:52,6.0
2022-08-08 07:11:52,2.0
2022-08-08 07:16:52,-10.0
2022-08-08 07:22:53,-10.0
2022-08-08 07:27:53,-8.0
2022-08-08 07:31:21,-8.0
2022-08-08 07:53:22,-9.0
2022-08-08 07:59:59,-9.0
2022-08-08 08:05:57,-9.0
2022-08-08 08:10:59,7.0
2022-08-08 08:16:59,-9.0
2022-08-09 21:18:44,7.0
2022-08-09 21:26:45,-10.0
2022-08-09 21:32:19,-10.0
2022-08-09 21:54:20,-2.0
2022-08-09 22:03:20,6.0
2022-08-09 22:14:22,-10.0
2022-08-09 22:25:21,-11.0
2022-08-09 22:42:54,-3.0
2022-08-09 22:53:55,-11.0
2022-08-09 23:04:24,-12.0
2022-08-10 05:54:46,4.0
2022-08-10 05:59:46,3.0
2022-08-10 06:05:47,-5.0
2022-08-10 06:10:47,1.0
2022-08-10 06:16:47,1.0
2022-08-10 06:27:46,-7.0
2022-08-10 06:33:47,-6.0
2022-08-10 06:41:48,2.0
2022-08-10 06:46:52,3.0
2022-08-10 07:30:54,3.0
2022-08-10 07:35:26,3.0
2022-08-10 07:41:26,3.0
2022-08-10 07:43:58,3.0
2022-08-11 03:16:27,3.0
2022-08-11 03:20:11,-5.0
2022-08-11 03:24:12,3.0
2022-08-11 03:30:12,-13.0
2022-08-11 03:36:28,-5.0
2022-08-11 03:41:12,-6.0
2022-08-11 03:46:14,2.0
2022-08-11 03:49:16,2.0
2022-08-11 03:57:17,3.0
2022-08-11 04:03:17,-4.0
2022-08-11 04:05:17,4.0
2022-08-11 04:10:01,4.0
2022-08-11 04:16:00,4.0
2022-08-11 04:19:16,5.0
2022-08-11 04:24:18,5.0
2022-08-11 04:29:18,5.0
2022-08-11 04:34:01,-11.0
2022-08-11 04:36:00,5.0
2022-08-11 04:40:17,-3.0
2022-08-11 04:45:19,5.0
2022-08-11 04:51:24,-3.0
2022-08-11 04:56:21,-3.0
2022-08-11 05:02:08,5.0
2022-08-11 05:13:25,5.0
2022-08-11 05:20:00,5.0
2022-08-11 05:32:25,-11.0
2022-08-11 05:38:01,5.0
2022-08-11 05:42:01,5.0
2022-08-11 05:47:29,-11.0
2022-08-11 05:54:01,5.0
2022-08-11 06:01:05,5.0
2022-08-11 06:06:30,-11.0
2022-08-11 06:12:28,5.0
2022-08-11 06:25:03,-12.0
2022-08-11 06:29:29,5.0
2022-08-11 06:36:03,-12.0
2022-08-11 06:41:32,-12.0
2022-08-12 03:22:09,-4.0
2022-08-12 03:26:08,-5.0
2022-08-12 03:32:08,4.0
2022-08-12 03:37:09,3.0
2022-08-12 03:45:09,3.0
2022-08-12 03:50:28,3.0
2022-08-12 03:54:11,6.0
2022-08-12 04:00:11,6.0
2022-08-12 04:07:14,7.0
2022-08-12 04:13:14,7.0
2022-08-12 04:19:59,-1.0
2022-08-12 04:26:15,4.0
2022-08-12 04:31:59,4.0
2022-08-12 04:37:16,4.0
2022-08-12 04:43:01,4.0
2022-08-12 04:50:01,-12.0
2022-08-12 04:55:00,4.0
2022-08-12 05:02:03,4.0
2022-08-12 05:06:00,4.0
2022-08-12 05:14:59,5.0
2022-08-12 05:18:57,-3.0
2022-08-12 05:24:20,3.0
2022-08-12 05:29:58,3.0
2022-08-12 05:35:59,-13.0
2022-08-12 05:42:21,3.0
2022-08-12 05:50:59,-5.0
2022-08-12 05:57:22,3.0
2022-08-12 06:00:24,3.0
2022-08-12 06:06:26,3.0
2022-08-12 06:12:09,3.0
2022-08-12 06:17:27,3.0
2022-08-12 06:22:28,3.0
2022-08-12 06:27:30,3.0
2022-08-12 06:31:27,4.0
2022-08-12 06:36:29,4.0
2022-08-13 04:30:26,4.0
2022-08-13 04:38:24,4.0
2022-08-13 04:44:07,-12.0
2022-08-13 04:48:07,-5.0
2022-08-13 04:53:24,3.0
2022-08-13 04:59:07,4.0
2022-08-13 05:03:08,4.0
2022-08-13 05:08:10,4.0
2022-08-13 05:14:53,-4.0
2022-08-13 05:19:56,4.0
2022-08-13 05:24:54,4.0
2022-08-13 05:34:54,4.0
2022-08-13 05:40:55,-12.0
2022-08-13 05:45:55,-4.0
2022-08-13 05:51:55,-5.0
2022-08-13 05:58:14,4.0
2022-08-13 06:02:57,-13.0
2022-08-13 06:08:18,3.0
2022-08-13 14:28:16,3.0
2022-08-13 14:29:16,3.0
2022-08-13 14:33:16,4.0
2022-08-13 14:39:18,4.0
2022-08-13 14:46:16,4.0
2022-08-13 14:51:18,4.0
2022-08-13 15:39:20,4.0
2022-08-13 15:43:21,4.0
2022-08-14 11:26:01,4.0
2022-08-14 11:32:21,5.0
2022-08-14 12:25:07,-12.0
2022-08-14 12:31:08,-12.0
2022-08-14 12:45:09,-13.0
2022-08-14 12:50:09,-13.0
2022-08-14 12:55:09,3.0
2022-08-14 13:01:09,3.0
2022-08-14 13:05:10,3.0
2022-08-14 13:11:22,-13.0
2022-08-14 13:17:14,-5.0
2022-08-14 13:23:14,3.0
2022-08-14 13:28:14,3.0
2022-08-16 08:33:29,3.0
2022-08-16 08:38:59,3.0
2022-08-16 08:44:59,3.0
2022-08-16 21:06:27,3.0
2022-08-16 21:16:21,3.0
2022-08-16 21:26:28,-5.0
2022-08-16 21:37:30,3.0
2022-08-16 21:57:30,-13.0
2022-08-16 22:06:32,-14.0
2022-08-16 22:14:34,3.0
2022-08-16 22:17:35,3.0
2022-08-16 22:40:35,3.0
2022-08-16 22:51:36,3.0
2022-08-16 23:00:39,-14.0
2022-08-17 03:11:07,3.0
2022-08-17 03:16:29,-14.0
2022-08-17 03:24:07,-6.0
2022-08-17 03:30:07,2.0
2022-08-17 03:35:07,2.0
2022-08-17 03:41:08,2.0
2022-08-17 03:46:08,2.0
2022-08-17 03:49:09,2.0
2022-08-17 03:54:09,2.0
2022-08-17 04:00:11,2.0
2022-08-17 04:05:12,2.0
2022-08-17 04:14:13,2.0
2022-08-17 04:20:14,3.0
2022-08-17 04:26:14,3.0
2022-08-17 04:31:14,3.0
2022-08-17 04:37:15,-14.0
2022-08-17 04:42:15,2.0
2022-08-17 04:48:15,-6.0
2022-08-17 04:54:14,2.0
2022-08-17 05:11:23,2.0
2022-08-17 05:16:23,2.0
2022-08-17 05:19:23,-10.0
2022-08-17 05:24:23,1.0
2022-08-17 05:29:52,-20.0
2022-08-17 05:30:54,22.0
